test7@gmail_com,chhhd,2024-03-11 05:53:14.752370Z
test7@gmail_com,the,2024-03-11 05:54:31.371945Z
test7@gmail_com,value,2024-03-11 05:54:35.228342Z
test7@gmail_com,id,2024-03-11 05:54:35.696709Z
test7@gmail_com,grester,2024-03-11 05:54:37.621267Z
test7@gmail_com,thst,2024-03-11 05:54:38.195503Z
test7@gmail_com,wht,2024-03-11 05:54:39.259525Z
test7@gmail_com,your,2024-03-11 05:54:40.014854Z
test7@gmail_com,thinging,2024-03-11 05:54:42.394930Z
test7@gmail_com,baby,2024-03-11 05:56:39.392282Z
test7@gmail_com,fhrhri,2024-03-11 05:57:15.707415Z
test7@gmail_com,hjis,2024-03-11 05:57:16.691166Z
test7@gmail_com,ieiiei,2024-03-11 05:57:17.755889Z
test7@gmail_com,nsiwooej,2024-03-11 05:57:18.957826Z
test7@gmail_com,nrhri,2024-03-11 05:57:20.026878Z
test7@gmail_com,ehwjsio,2024-03-11 05:57:20.909946Z
test7@gmail_com,nsmajwi,2024-03-11 05:57:22.061389Z
test7@gmail_com,uaqic,2024-03-11 05:57:22.924417Z
test@gmail_com,hfjri,2024-03-11 05:58:56.229124Z
test@gmail_com,ieir,2024-03-11 05:58:59.458196Z
test@gmail_com,riod,2024-03-11 05:59:00.528668Z
test@gmail_com,whst,2024-03-11 05:59:02.159559Z
test@gmail_com,id,2024-03-11 05:59:02.908341Z
test@gmail_com,you,2024-03-11 05:59:04.161399Z
test@gmail_com,hobby,2024-03-11 05:59:06.397208Z
test@gmail_com,whst,2024-03-11 05:59:07.729672Z
test@gmail_com,can,2024-03-11 05:59:08.657395Z
test@gmail_com,be,2024-03-11 05:59:09.063270Z
test@gmail_com,do,2024-03-11 05:59:09.807750Z
test@gmail_com,it,2024-03-11 05:59:10.180187Z
test@gmail_com,for,2024-03-11 05:59:10.715658Z
test@gmail_com,ig,2024-03-11 05:59:11.210195Z
test@gmail_com,you,2024-03-11 05:59:12.660181Z
test@gmail_com,are,2024-03-11 05:59:13.230735Z
test@gmail_com,by,2024-03-11 05:59:13.679603Z
test@gmail_com,best,2024-03-11 05:59:15.396709Z
